{
  "metadata":{
  "geometry_file":"C0.stl"
},
  "design_variables":{
  "vertical_draft_m":0.95,
  "ballast_density_profile":{
  "node_positions_z_m":[
    -2.5,
  -1.3333333333333333,
  -0.16666666666666652,
  1
  ],
  "node_densities_kg_m3":[
    1587.9614108231387,
  100,
  100,
  100
  ],
  "interpolation_method":"linear"
}
},
  "geometry":{
  "total_wec_volume_m3":14.535301250240506,
  "submerged_volume_m3":13.425963975828637,
  "waterplane_area_m2":3.1090947361509107,
  "waterplane_moments_m4":{
  "Ixx":2.1549591268548678,
  "Iyy":0.28437348637917675
}
},
  "mass_properties":{
  "total_mass_kg":13761.61307522437,
  "center_of_gravity_m":[
    7.003385950163727E-6,
  1.3607216287744534E-5,
  -1.1331967961753386
  ],
  "center_of_buoyancy_m":[
    1.0641529265753235E-5,
  -3.85121930430319E-6,
  -0.92665300516358
  ],
  "inertia_tensor_CG_kg_m2":{
  "Ixx":8889.354479908905,
  "Iyy":8889.354479908905,
  "Izz":8889.354479908905,
  "Ixy":0,
  "Ixz":0,
  "Iyz":0
},
  "mass_matrix_6x6_CG":[
    [
    13761.61307522437,
  0,
  0,
  -0,
  0,
  -0
  ],
  [
    0,
  13761.61307522437,
  0,
  -0,
  -0,
  0
  ],
  [
    0,
  0,
  13761.61307522437,
  0,
  -0,
  -0
  ],
  [
    0,
  -0,
  0,
  8889.354479908905,
  0,
  0
  ],
  [
    0,
  0,
  -0,
  0,
  8889.354479908905,
  0
  ],
  [
    -0,
  0,
  0,
  0,
  0,
  8889.354479908905
  ]
  ]
},
  "hydrostatic_stability":{
  "metacentric_height_GM_m":0.22772465272799347,
  "metacenter_position_m":[
    0,
  0,
  -0.90547214344734517
  ],
  "KB_m":-0.92665300516358,
  "KG_m":-1.1331967961753386,
  "BM_m":0.021180861716234789,
  "buoyancy_mass_balance":{
  "mass_total_kg":13761.61307522437,
  "buoyancy_force_kg":13761.613075224353,
  "discrepancy_kg":1.6370904631912708E-11,
  "discrepancy_percent":1.1896065194120274E-13
}
},
  "dynamic_response":{
  "natural_periods_s":{
  "surge":null,
  "heave":5.4630633561921558,
  "pitch":3.5651266063115052
},
  "virtual_masses_kg_or_kg_m2":{
  "M11_surge":20794.787683691902,
  "M33_heave":23634.127048974369,
  "M55_pitch":9897.7977830339059
},
  "total_stiffness_N_m_or_Nm_rad":{
  "K11_surge":0,
  "K33_heave":31262.724845681445,
  "K55_pitch":30743.152459203666
},
  "stiffness_components":{
  "hydrostatic":{
  "K33_heave":31262.724845681445,
  "K55_pitch":30743.152459203669
},
  "pto":{
  "K11_surge":0,
  "K33_heave":0,
  "K55_pitch":0
}
}
},
  "pto_system":{
  "enabled":false
},
  "optimization_performance":{
  "target_periods_s":{
  "heave_goal":10,
  "pitch_goal":4,
  "surge_goal":null
},
  "achieved_periods_s":{
  "heave":5.4630633561921558,
  "pitch":3.5651266063115052,
  "surge":null
},
  "period_errors_percent":{
  "heave":-45.369366438078444,
  "pitch":-10.871834842212369,
  "surge":null
},
  "constraints":{
  "GM_minimum_m":0.4,
  "GM_achieved_m":0.22772465272799347,
  "GM_satisfied":false,
  "mass_balance_error_percent":1.1896065194120274E-13,
  "mass_balance_satisfied":true
},
  "objective_function_value":1.0E+12,
  "optimizer_exit_flag":1,
  "optimizer_message":"\nLocal minimum found that satisfies the constraints.\n\nOptimization completed because the objective function is non-decreasing in \nfeasible directions,
   to within the value of the optimality tolerance,
  \nand constraints are satisfied to within the value of the constraint tolerance.\n\n<stopping criteria details>\n\nOptimization completed: The relative first-order optimality measure,
   0.000000e+00,
  \nis less than options.OptimalityTolerance = 1.000000e-04,
   and the relative maximum constraint\nviolation,
   1.709906e-06,
   is less than options.ConstraintTolerance = 1.000000e-04.\n\n"
},
  "physical_constants":{
  "water_density_kg_m3":1025,
  "gravity_m_s2":9.81,
  "seabed_depth_m":-50
}
}