{
  "metadata":{
  "geometry_file":"C4.stl"
},
  "design_variables":{
  "vertical_draft_m":0.95,
  "ballast_density_profile":{
  "node_positions_z_m":[
    -2.5,
  -1.3333333333333333,
  -0.16666666666666652,
  1
  ],
  "node_densities_kg_m3":[
    1629.8442753302411,
  100,
  100,
  100
  ],
  "interpolation_method":"linear"
}
},
  "geometry":{
  "total_wec_volume_m3":10.627159987506294,
  "submerged_volume_m3":10.008346787762266,
  "waterplane_area_m2":2.0196225429673769,
  "waterplane_moments_m4":{
  "Ixx":0.60699065094019711,
  "Iyy":0.176610998699724
}
},
  "mass_properties":{
  "total_mass_kg":10258.555457456307,
  "center_of_gravity_m":[
    8.3490747022075351E-6,
  1.2290183187471476E-5,
  -1.1145190843759887
  ],
  "center_of_buoyancy_m":[
    1.3240132395805814E-5,
  1.2641882051006747E-11,
  -0.90749160024296149
  ],
  "inertia_tensor_CG_kg_m2":{
  "Ixx":6394.4246971932907,
  "Iyy":6394.4246971932907,
  "Izz":6394.4246971932907,
  "Ixy":0,
  "Ixz":0,
  "Iyz":0
},
  "mass_matrix_6x6_CG":[
    [
    10258.555457456307,
  0,
  0,
  -0,
  0,
  -0
  ],
  [
    0,
  10258.555457456307,
  0,
  -0,
  -0,
  0
  ],
  [
    0,
  0,
  10258.555457456307,
  0,
  -0,
  -0
  ],
  [
    0,
  -0,
  0,
  6394.4246971932907,
  0,
  0
  ],
  [
    0,
  0,
  -0,
  0,
  6394.4246971932907,
  0
  ],
  [
    -0,
  0,
  0,
  0,
  0,
  6394.4246971932907
  ]
  ]
},
  "hydrostatic_stability":{
  "metacentric_height_GM_m":0.2246738549517997,
  "metacenter_position_m":[
    0,
  0,
  -0.889845229424189
  ],
  "KB_m":-0.90749160024296149,
  "KG_m":-1.1145190843759887,
  "BM_m":0.017646370818772517,
  "buoyancy_mass_balance":{
  "mass_total_kg":10258.555457456307,
  "buoyancy_force_kg":10258.555457456323,
  "discrepancy_kg":-1.6370904631912708E-11,
  "discrepancy_percent":1.5958294225541973E-13
}
},
  "dynamic_response":{
  "natural_periods_s":{
  "surge":null,
  "heave":5.75221816133952,
  "pitch":3.517472453402871
},
  "virtual_masses_kg_or_kg_m2":{
  "M11_surge":14976.404760147068,
  "M33_heave":17020.567787456308,
  "M55_pitch":7086.1351026932916
},
  "total_stiffness_N_m_or_Nm_rad":{
  "K11_surge":0,
  "K33_heave":20307.809575172712,
  "K55_pitch":22610.374460471241
},
  "stiffness_components":{
  "hydrostatic":{
  "K33_heave":20307.809575172716,
  "K55_pitch":22610.374460471245
},
  "pto":{
  "K11_surge":0,
  "K33_heave":0,
  "K55_pitch":0
}
}
},
  "pto_system":{
  "enabled":false
},
  "optimization_performance":{
  "target_periods_s":{
  "heave_goal":10,
  "pitch_goal":4,
  "surge_goal":null
},
  "achieved_periods_s":{
  "heave":5.75221816133952,
  "pitch":3.517472453402871,
  "surge":null
},
  "period_errors_percent":{
  "heave":-42.4778183866048,
  "pitch":-12.063188664928227,
  "surge":null
},
  "constraints":{
  "GM_minimum_m":0.4,
  "GM_achieved_m":0.2246738549517997,
  "GM_satisfied":false,
  "mass_balance_error_percent":1.5958294225541973E-13,
  "mass_balance_satisfied":true
},
  "objective_function_value":1.0E+12,
  "optimizer_exit_flag":1,
  "optimizer_message":"\nLocal minimum found that satisfies the constraints.\n\nOptimization completed because the objective function is non-decreasing in \nfeasible directions,
   to within the value of the optimality tolerance,
  \nand constraints are satisfied to within the value of the constraint tolerance.\n\n<stopping criteria details>\n\nOptimization completed: The relative first-order optimality measure,
   0.000000e+00,
  \nis less than options.OptimalityTolerance = 1.000000e-04,
   and the relative maximum constraint\nviolation,
   2.302592e-06,
   is less than options.ConstraintTolerance = 1.000000e-04.\n\n"
},
  "physical_constants":{
  "water_density_kg_m3":1025,
  "gravity_m_s2":9.81,
  "seabed_depth_m":-50
}
}